,0
RELIANCE.NS,0.00535
TCS.NS,-0.00865
INFY.NS,0.009834
HDFCBANK.NS,-0.002743
ICICIBANK.NS,0.00986
KOTAKBANK.NS,0.003752
LT.NS,0.0008416
SBIN.NS,0.01813
AXISBANK.NS,-8.23e-05
HINDUNILVR.NS,-0.001147
ITC.NS,0.02121
BHARTIARTL.NS,0.01518
ASIANPAINT.NS,0.013
HCLTECH.NS,-0.00402
WIPRO.NS,-0.0004442
SUNPHARMA.NS,-0.01151
ULTRACEMCO.NS,0.001179
MARUTI.NS,0.00349
BAJFINANCE.NS,0.008385
TITAN.NS,0.00852
POWERGRID.NS,0.004078
TECHM.NS,-0.0007186
NESTLEIND.NS,-0.0007687
ADANIENT.NS,0.00577
ADANIPORTS.NS,0.00867
GRASIM.NS,0.00713
HDFCLIFE.NS,-0.00674
HEROMOTOCO.NS,0.00204
CIPLA.NS,0.004246
DIVISLAB.NS,0.003986
BAJAJFINSV.NS,0.01083
TATAMOTORS.NS,0.003822
JSWSTEEL.NS,0.0009193
COALINDIA.NS,0.0123
DRREDDY.NS,-0.003668
HINDALCO.NS,0.01604
NTPC.NS,0.004494
ONGC.NS,0.003868
BPCL.NS,0.01651
EICHERMOT.NS,0.01776
M&M.NS,0.01385
TATASTEEL.NS,0.01653
UPL.NS,0.00539
BRITANNIA.NS,0.001437
BAJAJ-AUTO.NS,-0.005123
SBILIFE.NS,0.002718
INDUSINDBK.NS,-0.00148
SHREECEM.NS,0.003702
ICICIPRULI.NS,0.001856
APOLLOHOSP.NS,0.001818
