,0
RELIANCE.NS,0.01533
TCS.NS,0.0523
INFY.NS,0.02113
HDFCBANK.NS,0.01718
ICICIBANK.NS,0.02594
KOTAKBANK.NS,0.01894
LT.NS,0.02997
SBIN.NS,0.05426
AXISBANK.NS,0.03787
HINDUNILVR.NS,0.02583
ITC.NS,0.0624
BHARTIARTL.NS,0.03107
ASIANPAINT.NS,0.02203
HCLTECH.NS,0.08057
WIPRO.NS,0.01467
SUNPHARMA.NS,0.03525
ULTRACEMCO.NS,0.03287
MARUTI.NS,0.0191
BAJFINANCE.NS,0.04288
TITAN.NS,0.01059
POWERGRID.NS,0.02411
TECHM.NS,0.0267
NESTLEIND.NS,0.01933
ADANIENT.NS,0.0525
ADANIPORTS.NS,0.01923
GRASIM.NS,0.01881
HDFCLIFE.NS,0.02042
HEROMOTOCO.NS,0.0654
CIPLA.NS,0.01156
DIVISLAB.NS,0.010864
BAJAJFINSV.NS,0.02965
TATAMOTORS.NS,0.0311
JSWSTEEL.NS,0.03207
COALINDIA.NS,0.02538
DRREDDY.NS,0.0313
HINDALCO.NS,0.03026
NTPC.NS,0.02429
ONGC.NS,0.02951
BPCL.NS,0.05685
EICHERMOT.NS,0.03754
M&M.NS,0.02136
TATASTEEL.NS,0.03693
UPL.NS,0.01591
BRITANNIA.NS,0.01605
BAJAJ-AUTO.NS,0.06107
SBILIFE.NS,0.01511
INDUSINDBK.NS,0.00913
SHREECEM.NS,0.03305
ICICIPRULI.NS,0.01324
APOLLOHOSP.NS,0.03168
