,0
RELIANCE.NS,0.005344
TCS.NS,-0.008606
INFY.NS,0.00985
HDFCBANK.NS,-0.002745
ICICIBANK.NS,0.00985
KOTAKBANK.NS,0.00376
LT.NS,0.0008407
SBIN.NS,0.01816
AXISBANK.NS,-7.78e-05
HINDUNILVR.NS,-0.00115
ITC.NS,0.0212
BHARTIARTL.NS,0.01517
ASIANPAINT.NS,0.01301
HCLTECH.NS,-0.00402
WIPRO.NS,-0.000434
SUNPHARMA.NS,-0.011505
ULTRACEMCO.NS,0.001173
MARUTI.NS,0.003485
BAJFINANCE.NS,0.008354
TITAN.NS,0.00853
POWERGRID.NS,0.004078
TECHM.NS,-0.0007224
NESTLEIND.NS,-0.000772
ADANIENT.NS,0.005756
ADANIPORTS.NS,0.00866
GRASIM.NS,0.007137
HDFCLIFE.NS,-0.00674
HEROMOTOCO.NS,0.002024
CIPLA.NS,0.004246
DIVISLAB.NS,0.003986
BAJAJFINSV.NS,0.01083
TATAMOTORS.NS,0.003824
JSWSTEEL.NS,0.0009036
COALINDIA.NS,0.01228
DRREDDY.NS,-0.003666
HINDALCO.NS,0.01604
NTPC.NS,0.004505
ONGC.NS,0.00387
BPCL.NS,0.01656
EICHERMOT.NS,0.01776
M&M.NS,0.01384
TATASTEEL.NS,0.01653
UPL.NS,0.0054
BRITANNIA.NS,0.001436
BAJAJ-AUTO.NS,-0.005123
SBILIFE.NS,0.002714
INDUSINDBK.NS,-0.001484
SHREECEM.NS,0.0037
ICICIPRULI.NS,0.001851
APOLLOHOSP.NS,0.001814
