,0
RELIANCE.NS,0.01532
TCS.NS,0.0523
INFY.NS,0.02113
HDFCBANK.NS,0.01718
ICICIBANK.NS,0.02594
KOTAKBANK.NS,0.01894
LT.NS,0.02998
SBIN.NS,0.05423
AXISBANK.NS,0.03787
HINDUNILVR.NS,0.02585
ITC.NS,0.06244
BHARTIARTL.NS,0.03105
ASIANPAINT.NS,0.02202
HCLTECH.NS,0.08057
WIPRO.NS,0.01466
SUNPHARMA.NS,0.03525
ULTRACEMCO.NS,0.03287
MARUTI.NS,0.0191
BAJFINANCE.NS,0.0431
TITAN.NS,0.0106
POWERGRID.NS,0.02412
TECHM.NS,0.0267
NESTLEIND.NS,0.01932
ADANIENT.NS,0.05243
ADANIPORTS.NS,0.01921
GRASIM.NS,0.0188
HDFCLIFE.NS,0.02039
HEROMOTOCO.NS,0.06537
CIPLA.NS,0.01156
DIVISLAB.NS,0.010864
BAJAJFINSV.NS,0.02966
TATAMOTORS.NS,0.03107
JSWSTEEL.NS,0.03207
COALINDIA.NS,0.02539
DRREDDY.NS,0.0313
HINDALCO.NS,0.03024
NTPC.NS,0.02429
ONGC.NS,0.02951
BPCL.NS,0.0569
EICHERMOT.NS,0.03754
M&M.NS,0.02136
TATASTEEL.NS,0.03693
UPL.NS,0.01591
BRITANNIA.NS,0.01604
BAJAJ-AUTO.NS,0.06107
SBILIFE.NS,0.01511
INDUSINDBK.NS,0.00912
SHREECEM.NS,0.03308
ICICIPRULI.NS,0.013245
APOLLOHOSP.NS,0.03165
