,0
RELIANCE.NS,0.07578783355721681
TCS.NS,0.027554133572222566
INFY.NS,0.04388342506718105
HDFCBANK.NS,0.021172232190245308
ICICIBANK.NS,0.044037987843230035
KOTAKBANK.NS,0.020984005413637423
LT.NS,0.012606446255318192
SBIN.NS,0.0263675738651094
AXISBANK.NS,0.008671361247550118
HINDUNILVR.NS,0.009373092962155298
ITC.NS,0.020630276736224522
BHARTIARTL.NS,0.049948071136636546
ASIANPAINT.NS,0.03883596438142763
HCLTECH.NS,0.011201943269222957
WIPRO.NS,0.0
SUNPHARMA.NS,0.0
ULTRACEMCO.NS,0.008768329424392146
MARUTI.NS,0.019027196488812907
BAJFINANCE.NS,0.01989374829781803
TITAN.NS,0.09692410149217658
POWERGRID.NS,0.013852448054455251
TECHM.NS,0.00026894279980083926
NESTLEIND.NS,0.0
ADANIENT.NS,0.009626735170953884
ADANIPORTS.NS,0.035092365611482976
GRASIM.NS,0.02766302335528043
HDFCLIFE.NS,0.0
HEROMOTOCO.NS,0.002528162323625764
CIPLA.NS,0.03421927213023583
DIVISLAB.NS,0.03674833334901426
BAJAJFINSV.NS,0.023152188032635676
TATAMOTORS.NS,0.010199797476856847
JSWSTEEL.NS,0.006021816504418411
COALINDIA.NS,0.029627057433718785
DRREDDY.NS,0.0
HINDALCO.NS,0.025838444563593674
NTPC.NS,0.016104972137880588
ONGC.NS,0.012445231339560214
BPCL.NS,0.009995797682278675
EICHERMOT.NS,0.019932470166747915
M&M.NS,0.04761764378802667
TATASTEEL.NS,0.02021790225010364
UPL.NS,0.023935110749369267
BRITANNIA.NS,0.004808905853415319
BAJAJ-AUTO.NS,0.0037969079268174114
SBILIFE.NS,0.013806957286840484
INDUSINDBK.NS,0.0
SHREECEM.NS,0.005831478330097198
ICICIPRULI.NS,0.007505461832816263
APOLLOHOSP.NS,0.003494850649396296
